issue_time,level,quantile,iterations_used,n_train,n_valid,n_train_full,refit_full
2020-06-22,portfolio,0.05,253,8039,720,8759,True
2020-06-22,portfolio,0.25,1764,8039,720,8759,True
2020-06-22,portfolio,0.5,2476,8039,720,8759,True
2020-06-22,portfolio,0.75,352,8039,720,8759,True
2020-06-22,portfolio,0.95,412,8039,720,8759,True
2020-06-29,portfolio,0.05,264,8039,720,8759,True
2020-06-29,portfolio,0.25,1810,8039,720,8759,True
2020-06-29,portfolio,0.5,2495,8039,720,8759,True
2020-06-29,portfolio,0.75,890,8039,720,8759,True
2020-06-29,portfolio,0.95,226,8039,720,8759,True
2020-07-06,portfolio,0.05,299,8039,720,8759,True
2020-07-06,portfolio,0.25,490,8039,720,8759,True
2020-07-06,portfolio,0.5,2499,8039,720,8759,True
2020-07-06,portfolio,0.75,861,8039,720,8759,True
2020-07-06,portfolio,0.95,628,8039,720,8759,True
2020-07-13,portfolio,0.05,143,8039,720,8759,True
2020-07-13,portfolio,0.25,142,8039,720,8759,True
2020-07-13,portfolio,0.5,2488,8039,720,8759,True
2020-07-13,portfolio,0.75,2071,8039,720,8759,True
2020-07-13,portfolio,0.95,463,8039,720,8759,True
2020-07-20,portfolio,0.05,306,8039,720,8759,True
2020-07-20,portfolio,0.25,1391,8039,720,8759,True
2020-07-20,portfolio,0.5,955,8039,720,8759,True
2020-07-20,portfolio,0.75,498,8039,720,8759,True
2020-07-20,portfolio,0.95,413,8039,720,8759,True
2020-07-27,portfolio,0.05,705,8039,720,8759,True
2020-07-27,portfolio,0.25,989,8039,720,8759,True
2020-07-27,portfolio,0.5,643,8039,720,8759,True
2020-07-27,portfolio,0.75,288,8039,720,8759,True
2020-07-27,portfolio,0.95,287,8039,720,8759,True
2020-08-03,portfolio,0.05,274,8039,720,8759,True
2020-08-03,portfolio,0.25,292,8039,720,8759,True
2020-08-03,portfolio,0.5,2494,8039,720,8759,True
2020-08-03,portfolio,0.75,1343,8039,720,8759,True
2020-08-03,portfolio,0.95,524,8039,720,8759,True
2020-08-10,portfolio,0.05,369,8039,720,8759,True
2020-08-10,portfolio,0.25,872,8039,720,8759,True
2020-08-10,portfolio,0.5,2152,8039,720,8759,True
2020-08-10,portfolio,0.75,687,8039,720,8759,True
2020-08-10,portfolio,0.95,167,8039,720,8759,True
2020-08-17,portfolio,0.05,127,8039,720,8759,True
2020-08-17,portfolio,0.25,108,8039,720,8759,True
2020-08-17,portfolio,0.5,2494,8039,720,8759,True
2020-08-17,portfolio,0.75,2178,8039,720,8759,True
2020-08-17,portfolio,0.95,194,8039,720,8759,True
2020-08-24,portfolio,0.05,115,8039,720,8759,True
2020-08-24,portfolio,0.25,58,8039,720,8759,True
2020-08-24,portfolio,0.5,958,8039,720,8759,True
2020-08-24,portfolio,0.75,2500,8039,720,8759,True
2020-08-24,portfolio,0.95,1614,8039,720,8759,True
2020-08-31,portfolio,0.05,119,8039,720,8759,True
2020-08-31,portfolio,0.25,97,8039,720,8759,True
2020-08-31,portfolio,0.5,343,8039,720,8759,True
2020-08-31,portfolio,0.75,2482,8039,720,8759,True
2020-08-31,portfolio,0.95,1584,8039,720,8759,True
2020-09-07,portfolio,0.05,264,8039,720,8759,True
2020-09-07,portfolio,0.25,423,8039,720,8759,True
2020-09-07,portfolio,0.5,1960,8039,720,8759,True
2020-09-07,portfolio,0.75,899,8039,720,8759,True
2020-09-07,portfolio,0.95,410,8039,720,8759,True
2020-09-14,portfolio,0.05,202,8039,720,8759,True
2020-09-14,portfolio,0.25,827,8039,720,8759,True
2020-09-14,portfolio,0.5,1911,8039,720,8759,True
2020-09-14,portfolio,0.75,334,8039,720,8759,True
2020-09-14,portfolio,0.95,248,8039,720,8759,True
2020-09-21,portfolio,0.05,293,8039,720,8759,True
2020-09-21,portfolio,0.25,1820,8039,720,8759,True
2020-09-21,portfolio,0.5,1719,8039,720,8759,True
2020-09-21,portfolio,0.75,936,8039,720,8759,True
2020-09-21,portfolio,0.95,124,8039,720,8759,True
2020-09-28,portfolio,0.05,230,8039,720,8759,True
2020-09-28,portfolio,0.25,1279,8039,720,8759,True
2020-09-28,portfolio,0.5,2480,8039,720,8759,True
2020-09-28,portfolio,0.75,675,8039,720,8759,True
2020-09-28,portfolio,0.95,124,8039,720,8759,True
2020-10-05,portfolio,0.05,461,8039,720,8759,True
2020-10-05,portfolio,0.25,1771,8039,720,8759,True
2020-10-05,portfolio,0.5,2470,8039,720,8759,True
2020-10-05,portfolio,0.75,456,8039,720,8759,True
2020-10-05,portfolio,0.95,184,8039,720,8759,True
2020-10-12,portfolio,0.05,346,8039,720,8759,True
2020-10-12,portfolio,0.25,1150,8039,720,8759,True
2020-10-12,portfolio,0.5,2495,8039,720,8759,True
2020-10-12,portfolio,0.75,412,8039,720,8759,True
2020-10-12,portfolio,0.95,223,8039,720,8759,True
2020-10-19,portfolio,0.05,520,8039,720,8759,True
2020-10-19,portfolio,0.25,435,8039,720,8759,True
2020-10-19,portfolio,0.5,2500,8039,720,8759,True
2020-10-19,portfolio,0.75,634,8039,720,8759,True
2020-10-19,portfolio,0.95,471,8039,720,8759,True
2020-10-26,portfolio,0.05,843,8039,720,8759,True
2020-10-26,portfolio,0.25,2500,8039,720,8759,True
2020-10-26,portfolio,0.5,2413,8039,720,8759,True
2020-10-26,portfolio,0.75,360,8039,720,8759,True
2020-10-26,portfolio,0.95,232,8039,720,8759,True
2020-11-02,portfolio,0.05,198,8039,720,8759,True
2020-11-02,portfolio,0.25,2484,8039,720,8759,True
2020-11-02,portfolio,0.5,2500,8039,720,8759,True
2020-11-02,portfolio,0.75,875,8039,720,8759,True
2020-11-02,portfolio,0.95,191,8039,720,8759,True
2020-11-09,portfolio,0.05,249,8039,720,8759,True
2020-11-09,portfolio,0.25,240,8039,720,8759,True
2020-11-09,portfolio,0.5,1192,8039,720,8759,True
2020-11-09,portfolio,0.75,447,8039,720,8759,True
2020-11-09,portfolio,0.95,177,8039,720,8759,True
2020-11-16,portfolio,0.05,266,8039,720,8759,True
2020-11-16,portfolio,0.25,1020,8039,720,8759,True
2020-11-16,portfolio,0.5,347,8039,720,8759,True
2020-11-16,portfolio,0.75,333,8039,720,8759,True
2020-11-16,portfolio,0.95,147,8039,720,8759,True
2020-11-23,portfolio,0.05,657,8039,720,8759,True
2020-11-23,portfolio,0.25,1445,8039,720,8759,True
2020-11-23,portfolio,0.5,486,8039,720,8759,True
2020-11-23,portfolio,0.75,120,8039,720,8759,True
2020-11-23,portfolio,0.95,121,8039,720,8759,True
2020-11-30,portfolio,0.05,973,8039,720,8759,True
2020-11-30,portfolio,0.25,2470,8039,720,8759,True
2020-11-30,portfolio,0.5,595,8039,720,8759,True
2020-11-30,portfolio,0.75,133,8039,720,8759,True
2020-11-30,portfolio,0.95,132,8039,720,8759,True
2020-12-07,portfolio,0.05,773,8039,720,8759,True
2020-12-07,portfolio,0.25,2500,8039,720,8759,True
2020-12-07,portfolio,0.5,705,8039,720,8759,True
2020-12-07,portfolio,0.75,142,8039,720,8759,True
2020-12-07,portfolio,0.95,104,8039,720,8759,True
2020-12-14,portfolio,0.05,2478,8039,720,8759,True
2020-12-14,portfolio,0.25,2358,8039,720,8759,True
2020-12-14,portfolio,0.5,780,8039,720,8759,True
2020-12-14,portfolio,0.75,156,8039,720,8759,True
2020-12-14,portfolio,0.95,96,8039,720,8759,True
2020-12-21,portfolio,0.05,423,8039,720,8759,True
2020-12-21,portfolio,0.25,1344,8039,720,8759,True
2020-12-21,portfolio,0.5,521,8039,720,8759,True
2020-12-21,portfolio,0.75,332,8039,720,8759,True
2020-12-21,portfolio,0.95,90,8039,720,8759,True
2020-12-28,portfolio,0.05,245,8039,720,8759,True
2020-12-28,portfolio,0.25,858,8039,720,8759,True
2020-12-28,portfolio,0.5,1395,8039,720,8759,True
2020-12-28,portfolio,0.75,530,8039,720,8759,True
2020-12-28,portfolio,0.95,146,8039,720,8759,True
2021-01-04,portfolio,0.05,390,8039,720,8759,True
2021-01-04,portfolio,0.25,377,8039,720,8759,True
2021-01-04,portfolio,0.5,1049,8039,720,8759,True
2021-01-04,portfolio,0.75,226,8039,720,8759,True
2021-01-04,portfolio,0.95,87,8039,720,8759,True
2021-01-11,portfolio,0.05,326,8039,720,8759,True
2021-01-11,portfolio,0.25,377,8039,720,8759,True
2021-01-11,portfolio,0.5,1772,8039,720,8759,True
2021-01-11,portfolio,0.75,387,8039,720,8759,True
2021-01-11,portfolio,0.95,145,8039,720,8759,True
2021-01-18,portfolio,0.05,728,8039,720,8759,True
2021-01-18,portfolio,0.25,1117,8039,720,8759,True
2021-01-18,portfolio,0.5,2015,8039,720,8759,True
2021-01-18,portfolio,0.75,171,8039,720,8759,True
2021-01-18,portfolio,0.95,119,8039,720,8759,True
2021-01-25,portfolio,0.05,416,8039,720,8759,True
2021-01-25,portfolio,0.25,1815,8039,720,8759,True
2021-01-25,portfolio,0.5,1326,8039,720,8759,True
2021-01-25,portfolio,0.75,593,8039,720,8759,True
2021-01-25,portfolio,0.95,352,8039,720,8759,True
2021-02-01,portfolio,0.05,529,8039,720,8759,True
2021-02-01,portfolio,0.25,2500,8039,720,8759,True
2021-02-01,portfolio,0.5,956,8039,720,8759,True
2021-02-01,portfolio,0.75,171,8039,720,8759,True
2021-02-01,portfolio,0.95,134,8039,720,8759,True
2021-02-08,portfolio,0.05,193,8039,720,8759,True
2021-02-08,portfolio,0.25,301,8039,720,8759,True
2021-02-08,portfolio,0.5,2500,8039,720,8759,True
2021-02-08,portfolio,0.75,1141,8039,720,8759,True
2021-02-08,portfolio,0.95,331,8039,720,8759,True
2021-02-15,portfolio,0.05,137,8039,720,8759,True
2021-02-15,portfolio,0.25,924,8039,720,8759,True
2021-02-15,portfolio,0.5,2500,8039,720,8759,True
2021-02-15,portfolio,0.75,532,8039,720,8759,True
2021-02-15,portfolio,0.95,141,8039,720,8759,True
2021-02-22,portfolio,0.05,341,8039,720,8759,True
2021-02-22,portfolio,0.25,616,8039,720,8759,True
2021-02-22,portfolio,0.5,2489,8039,720,8759,True
2021-02-22,portfolio,0.75,893,8039,720,8759,True
2021-02-22,portfolio,0.95,115,8039,720,8759,True
2021-03-01,portfolio,0.05,333,8039,720,8759,True
2021-03-01,portfolio,0.25,1911,8039,720,8759,True
2021-03-01,portfolio,0.5,2499,8039,720,8759,True
2021-03-01,portfolio,0.75,264,8039,720,8759,True
2021-03-01,portfolio,0.95,234,8039,720,8759,True
2021-03-08,portfolio,0.05,467,8039,720,8759,True
2021-03-08,portfolio,0.25,1303,8039,720,8759,True
2021-03-08,portfolio,0.5,1303,8039,720,8759,True
2021-03-08,portfolio,0.75,1433,8039,720,8759,True
2021-03-08,portfolio,0.95,221,8039,720,8759,True
2021-03-15,portfolio,0.05,113,8039,720,8759,True
2021-03-15,portfolio,0.25,200,8039,720,8759,True
2021-03-15,portfolio,0.5,621,8039,720,8759,True
2021-03-15,portfolio,0.75,605,8039,720,8759,True
2021-03-15,portfolio,0.95,126,8039,720,8759,True
2021-03-22,portfolio,0.05,141,8039,720,8759,True
2021-03-22,portfolio,0.25,170,8039,720,8759,True
2021-03-22,portfolio,0.5,780,8039,720,8759,True
2021-03-22,portfolio,0.75,302,8039,720,8759,True
2021-03-22,portfolio,0.95,151,8039,720,8759,True
2021-03-29,portfolio,0.05,164,8039,720,8759,True
2021-03-29,portfolio,0.25,119,8039,720,8759,True
2021-03-29,portfolio,0.5,1601,8039,720,8759,True
2021-03-29,portfolio,0.75,429,8039,720,8759,True
2021-03-29,portfolio,0.95,135,8039,720,8759,True
2021-04-05,portfolio,0.05,254,8039,720,8759,True
2021-04-05,portfolio,0.25,136,8039,720,8759,True
2021-04-05,portfolio,0.5,1573,8039,720,8759,True
2021-04-05,portfolio,0.75,548,8039,720,8759,True
2021-04-05,portfolio,0.95,185,8039,720,8759,True
2021-04-12,portfolio,0.05,140,8039,720,8759,True
2021-04-12,portfolio,0.25,135,8039,720,8759,True
2021-04-12,portfolio,0.5,934,8039,720,8759,True
2021-04-12,portfolio,0.75,1369,8039,720,8759,True
2021-04-12,portfolio,0.95,360,8039,720,8759,True
2021-04-19,portfolio,0.05,127,8039,720,8759,True
2021-04-19,portfolio,0.25,170,8039,720,8759,True
2021-04-19,portfolio,0.5,827,8039,720,8759,True
2021-04-19,portfolio,0.75,1327,8039,720,8759,True
2021-04-19,portfolio,0.95,811,8039,720,8759,True
2021-04-26,portfolio,0.05,192,8039,720,8759,True
2021-04-26,portfolio,0.25,190,8039,720,8759,True
2021-04-26,portfolio,0.5,1464,8039,720,8759,True
2021-04-26,portfolio,0.75,1566,8039,720,8759,True
2021-04-26,portfolio,0.95,353,8039,720,8759,True
2021-05-03,portfolio,0.05,203,8039,720,8759,True
2021-05-03,portfolio,0.25,221,8039,720,8759,True
2021-05-03,portfolio,0.5,884,8039,720,8759,True
2021-05-03,portfolio,0.75,581,8039,720,8759,True
2021-05-03,portfolio,0.95,204,8039,720,8759,True
2021-05-10,portfolio,0.05,174,8039,720,8759,True
2021-05-10,portfolio,0.25,180,8039,720,8759,True
2021-05-10,portfolio,0.5,936,8039,720,8759,True
2021-05-10,portfolio,0.75,732,8039,720,8759,True
2021-05-10,portfolio,0.95,130,8039,720,8759,True
2021-05-17,portfolio,0.05,163,8039,720,8759,True
2021-05-17,portfolio,0.25,242,8039,720,8759,True
2021-05-17,portfolio,0.5,995,8039,720,8759,True
2021-05-17,portfolio,0.75,569,8039,720,8759,True
2021-05-17,portfolio,0.95,210,8039,720,8759,True
2021-05-24,portfolio,0.05,117,8039,720,8759,True
2021-05-24,portfolio,0.25,179,8039,720,8759,True
2021-05-24,portfolio,0.5,1084,8039,720,8759,True
2021-05-24,portfolio,0.75,835,8039,720,8759,True
2021-05-24,portfolio,0.95,152,8039,720,8759,True
2021-05-31,portfolio,0.05,107,8039,720,8759,True
2021-05-31,portfolio,0.25,154,8039,720,8759,True
2021-05-31,portfolio,0.5,673,8039,720,8759,True
2021-05-31,portfolio,0.75,380,8039,720,8759,True
2021-05-31,portfolio,0.95,205,8039,720,8759,True
2021-06-07,portfolio,0.05,61,8039,720,8759,True
2021-06-07,portfolio,0.25,166,8039,720,8759,True
2021-06-07,portfolio,0.5,371,8039,720,8759,True
2021-06-07,portfolio,0.75,493,8039,720,8759,True
2021-06-07,portfolio,0.95,280,8039,720,8759,True
2021-06-14,portfolio,0.05,51,8039,720,8759,True
2021-06-14,portfolio,0.25,159,8039,720,8759,True
2021-06-14,portfolio,0.5,1178,8039,720,8759,True
2021-06-14,portfolio,0.75,1579,8039,720,8759,True
2021-06-14,portfolio,0.95,186,8039,720,8759,True
2021-06-21,portfolio,0.05,46,8039,720,8759,True
2021-06-21,portfolio,0.25,78,8039,720,8759,True
2021-06-21,portfolio,0.5,948,8039,720,8759,True
2021-06-21,portfolio,0.75,1411,8039,720,8759,True
2021-06-21,portfolio,0.95,199,8039,720,8759,True
2021-06-28,portfolio,0.05,44,8039,720,8759,True
2021-06-28,portfolio,0.25,71,8039,720,8759,True
2021-06-28,portfolio,0.5,411,8039,720,8759,True
2021-06-28,portfolio,0.75,2012,8039,720,8759,True
2021-06-28,portfolio,0.95,201,8039,720,8759,True
2021-07-05,portfolio,0.05,48,8039,720,8759,True
2021-07-05,portfolio,0.25,168,8039,720,8759,True
2021-07-05,portfolio,0.5,578,8039,720,8759,True
2021-07-05,portfolio,0.75,1830,8039,720,8759,True
2021-07-05,portfolio,0.95,673,8039,720,8759,True
2021-07-12,portfolio,0.05,203,8039,720,8759,True
2021-07-12,portfolio,0.25,668,8039,720,8759,True
2021-07-12,portfolio,0.5,1206,8039,720,8759,True
2021-07-12,portfolio,0.75,2500,8039,720,8759,True
2021-07-12,portfolio,0.95,2047,8039,720,8759,True
2021-07-19,portfolio,0.05,162,8039,720,8759,True
2021-07-19,portfolio,0.25,240,8039,720,8759,True
2021-07-19,portfolio,0.5,435,8039,720,8759,True
2021-07-19,portfolio,0.75,2447,8039,720,8759,True
2021-07-19,portfolio,0.95,2500,8039,720,8759,True
2021-07-26,portfolio,0.05,186,8039,720,8759,True
2021-07-26,portfolio,0.25,1153,8039,720,8759,True
2021-07-26,portfolio,0.5,2467,8039,720,8759,True
2021-07-26,portfolio,0.75,2178,8039,720,8759,True
2021-07-26,portfolio,0.95,1350,8039,720,8759,True
2021-08-02,portfolio,0.05,465,8039,720,8759,True
2021-08-02,portfolio,0.25,163,8039,720,8759,True
2021-08-02,portfolio,0.5,970,8039,720,8759,True
2021-08-02,portfolio,0.75,1873,8039,720,8759,True
2021-08-02,portfolio,0.95,2465,8039,720,8759,True
2021-08-09,portfolio,0.05,138,8039,720,8759,True
2021-08-09,portfolio,0.25,224,8039,720,8759,True
2021-08-09,portfolio,0.5,302,8039,720,8759,True
2021-08-09,portfolio,0.75,2498,8039,720,8759,True
2021-08-09,portfolio,0.95,1252,8039,720,8759,True
2021-08-16,portfolio,0.05,40,8039,720,8759,True
2021-08-16,portfolio,0.25,134,8039,720,8759,True
2021-08-16,portfolio,0.5,590,8039,720,8759,True
2021-08-16,portfolio,0.75,1557,8039,720,8759,True
2021-08-16,portfolio,0.95,2489,8039,720,8759,True
2021-08-23,portfolio,0.05,36,8039,720,8759,True
2021-08-23,portfolio,0.25,108,8039,720,8759,True
2021-08-23,portfolio,0.5,652,8039,720,8759,True
2021-08-23,portfolio,0.75,1549,8039,720,8759,True
2021-08-23,portfolio,0.95,2481,8039,720,8759,True
2021-08-30,portfolio,0.05,40,8039,720,8759,True
2021-08-30,portfolio,0.25,89,8039,720,8759,True
2021-08-30,portfolio,0.5,885,8039,720,8759,True
2021-08-30,portfolio,0.75,2495,8039,720,8759,True
2021-08-30,portfolio,0.95,2500,8039,720,8759,True
2021-09-06,portfolio,0.05,183,8039,720,8759,True
2021-09-06,portfolio,0.25,165,8039,720,8759,True
2021-09-06,portfolio,0.5,1807,8039,720,8759,True
2021-09-06,portfolio,0.75,2499,8039,720,8759,True
2021-09-06,portfolio,0.95,810,8039,720,8759,True
2021-09-13,portfolio,0.05,254,8039,720,8759,True
2021-09-13,portfolio,0.25,567,8039,720,8759,True
2021-09-13,portfolio,0.5,1197,8039,720,8759,True
2021-09-13,portfolio,0.75,825,8039,720,8759,True
2021-09-13,portfolio,0.95,360,8039,720,8759,True
2021-09-20,portfolio,0.05,189,8039,720,8759,True
2021-09-20,portfolio,0.25,487,8039,720,8759,True
2021-09-20,portfolio,0.5,1786,8039,720,8759,True
2021-09-20,portfolio,0.75,495,8039,720,8759,True
2021-09-20,portfolio,0.95,227,8039,720,8759,True
2021-09-27,portfolio,0.05,80,8039,720,8759,True
2021-09-27,portfolio,0.25,230,8039,720,8759,True
2021-09-27,portfolio,0.5,1492,8039,720,8759,True
2021-09-27,portfolio,0.75,517,8039,720,8759,True
2021-09-27,portfolio,0.95,151,8039,720,8759,True
2021-10-04,portfolio,0.05,47,8039,720,8759,True
2021-10-04,portfolio,0.25,193,8039,720,8759,True
2021-10-04,portfolio,0.5,932,8039,720,8759,True
2021-10-04,portfolio,0.75,1954,8039,720,8759,True
2021-10-04,portfolio,0.95,730,8039,720,8759,True
2021-10-11,portfolio,0.05,50,8039,720,8759,True
2021-10-11,portfolio,0.25,67,8039,720,8759,True
2021-10-11,portfolio,0.5,1274,8039,720,8759,True
2021-10-11,portfolio,0.75,2500,8039,720,8759,True
2021-10-11,portfolio,0.95,2500,8039,720,8759,True
2021-10-18,portfolio,0.05,51,8039,720,8759,True
2021-10-18,portfolio,0.25,295,8039,720,8759,True
2021-10-18,portfolio,0.5,1271,8039,720,8759,True
2021-10-18,portfolio,0.75,1491,8039,720,8759,True
2021-10-18,portfolio,0.95,821,8039,720,8759,True
2021-10-25,portfolio,0.05,73,8039,720,8759,True
2021-10-25,portfolio,0.25,196,8039,720,8759,True
2021-10-25,portfolio,0.5,1572,8039,720,8759,True
2021-10-25,portfolio,0.75,1895,8039,720,8759,True
2021-10-25,portfolio,0.95,507,8039,720,8759,True
2021-11-01,portfolio,0.05,91,8039,720,8759,True
2021-11-01,portfolio,0.25,72,8039,720,8759,True
2021-11-01,portfolio,0.5,2495,8039,720,8759,True
2021-11-01,portfolio,0.75,1103,8039,720,8759,True
2021-11-01,portfolio,0.95,432,8039,720,8759,True
2021-11-08,portfolio,0.05,145,8039,720,8759,True
2021-11-08,portfolio,0.25,335,8039,720,8759,True
2021-11-08,portfolio,0.5,556,8039,720,8759,True
2021-11-08,portfolio,0.75,1569,8039,720,8759,True
2021-11-08,portfolio,0.95,279,8039,720,8759,True
2021-11-15,portfolio,0.05,130,8039,720,8759,True
2021-11-15,portfolio,0.25,375,8039,720,8759,True
2021-11-15,portfolio,0.5,643,8039,720,8759,True
2021-11-15,portfolio,0.75,442,8039,720,8759,True
2021-11-15,portfolio,0.95,333,8039,720,8759,True
2021-11-22,portfolio,0.05,163,8039,720,8759,True
2021-11-22,portfolio,0.25,68,8039,720,8759,True
2021-11-22,portfolio,0.5,239,8039,720,8759,True
2021-11-22,portfolio,0.75,2427,8039,720,8759,True
2021-11-22,portfolio,0.95,297,8039,720,8759,True
2021-11-29,portfolio,0.05,174,8039,720,8759,True
2021-11-29,portfolio,0.25,87,8039,720,8759,True
2021-11-29,portfolio,0.5,68,8039,720,8759,True
2021-11-29,portfolio,0.75,149,8039,720,8759,True
2021-11-29,portfolio,0.95,350,8039,720,8759,True
2021-12-06,portfolio,0.05,139,8039,720,8759,True
2021-12-06,portfolio,0.25,85,8039,720,8759,True
2021-12-06,portfolio,0.5,63,8039,720,8759,True
2021-12-06,portfolio,0.75,2490,8039,720,8759,True
2021-12-06,portfolio,0.95,135,8039,720,8759,True
2021-12-13,portfolio,0.05,269,8039,720,8759,True
2021-12-13,portfolio,0.25,618,8039,720,8759,True
2021-12-13,portfolio,0.5,1700,8039,720,8759,True
2021-12-13,portfolio,0.75,2493,8039,720,8759,True
2021-12-13,portfolio,0.95,150,8039,720,8759,True
2021-12-20,portfolio,0.05,239,8039,720,8759,True
2021-12-20,portfolio,0.25,1525,8039,720,8759,True
2021-12-20,portfolio,0.5,2500,8039,720,8759,True
2021-12-20,portfolio,0.75,751,8039,720,8759,True
2021-12-20,portfolio,0.95,195,8039,720,8759,True
2021-12-27,portfolio,0.05,144,8039,720,8759,True
2021-12-27,portfolio,0.25,74,8039,720,8759,True
2021-12-27,portfolio,0.5,70,8039,720,8759,True
2021-12-27,portfolio,0.75,819,8039,720,8759,True
2021-12-27,portfolio,0.95,188,8039,720,8759,True
2022-01-03,portfolio,0.05,154,8039,720,8759,True
2022-01-03,portfolio,0.25,87,8039,720,8759,True
2022-01-03,portfolio,0.5,60,8039,720,8759,True
2022-01-03,portfolio,0.75,2488,8039,720,8759,True
2022-01-03,portfolio,0.95,250,8039,720,8759,True
2022-01-10,portfolio,0.05,233,8039,720,8759,True
2022-01-10,portfolio,0.25,91,8039,720,8759,True
2022-01-10,portfolio,0.5,70,8039,720,8759,True
2022-01-10,portfolio,0.75,770,8039,720,8759,True
2022-01-10,portfolio,0.95,1524,8039,720,8759,True
2022-01-17,portfolio,0.05,268,8039,720,8759,True
2022-01-17,portfolio,0.25,124,8039,720,8759,True
2022-01-17,portfolio,0.5,399,8039,720,8759,True
2022-01-17,portfolio,0.75,1343,8039,720,8759,True
2022-01-17,portfolio,0.95,175,8039,720,8759,True
2022-01-24,portfolio,0.05,325,8039,720,8759,True
2022-01-24,portfolio,0.25,140,8039,720,8759,True
2022-01-24,portfolio,0.5,141,8039,720,8759,True
2022-01-24,portfolio,0.75,600,8039,720,8759,True
2022-01-24,portfolio,0.95,77,8039,720,8759,True
2022-01-31,portfolio,0.05,443,8039,720,8759,True
2022-01-31,portfolio,0.25,148,8039,720,8759,True
2022-01-31,portfolio,0.5,118,8039,720,8759,True
2022-01-31,portfolio,0.75,194,8039,720,8759,True
2022-01-31,portfolio,0.95,168,8039,720,8759,True
2022-02-07,portfolio,0.05,320,8039,720,8759,True
2022-02-07,portfolio,0.25,284,8039,720,8759,True
2022-02-07,portfolio,0.5,545,8039,720,8759,True
2022-02-07,portfolio,0.75,642,8039,720,8759,True
2022-02-07,portfolio,0.95,97,8039,720,8759,True
2022-02-14,portfolio,0.05,257,8039,720,8759,True
2022-02-14,portfolio,0.25,189,8039,720,8759,True
2022-02-14,portfolio,0.5,705,8039,720,8759,True
2022-02-14,portfolio,0.75,1193,8039,720,8759,True
2022-02-14,portfolio,0.95,136,8039,720,8759,True
2022-02-21,portfolio,0.05,117,8039,720,8759,True
2022-02-21,portfolio,0.25,156,8039,720,8759,True
2022-02-21,portfolio,0.5,295,8039,720,8759,True
2022-02-21,portfolio,0.75,2500,8039,720,8759,True
2022-02-21,portfolio,0.95,142,8039,720,8759,True
2022-02-28,portfolio,0.05,95,8039,720,8759,True
2022-02-28,portfolio,0.25,96,8039,720,8759,True
2022-02-28,portfolio,0.5,103,8039,720,8759,True
2022-02-28,portfolio,0.75,1236,8039,720,8759,True
2022-02-28,portfolio,0.95,614,8039,720,8759,True
2022-03-07,portfolio,0.05,91,8039,720,8759,True
2022-03-07,portfolio,0.25,110,8039,720,8759,True
2022-03-07,portfolio,0.5,180,8039,720,8759,True
2022-03-07,portfolio,0.75,1847,8039,720,8759,True
2022-03-07,portfolio,0.95,316,8039,720,8759,True
2022-03-14,portfolio,0.05,142,8039,720,8759,True
2022-03-14,portfolio,0.25,137,8039,720,8759,True
2022-03-14,portfolio,0.5,283,8039,720,8759,True
2022-03-14,portfolio,0.75,1284,8039,720,8759,True
2022-03-14,portfolio,0.95,226,8039,720,8759,True
2022-03-21,portfolio,0.05,129,8039,720,8759,True
2022-03-21,portfolio,0.25,126,8039,720,8759,True
2022-03-21,portfolio,0.5,116,8039,720,8759,True
2022-03-21,portfolio,0.75,2388,8039,720,8759,True
2022-03-21,portfolio,0.95,714,8039,720,8759,True
2022-03-28,portfolio,0.05,127,8039,720,8759,True
2022-03-28,portfolio,0.25,125,8039,720,8759,True
2022-03-28,portfolio,0.5,163,8039,720,8759,True
2022-03-28,portfolio,0.75,505,8039,720,8759,True
2022-03-28,portfolio,0.95,892,8039,720,8759,True
2022-04-04,portfolio,0.05,113,8039,720,8759,True
2022-04-04,portfolio,0.25,240,8039,720,8759,True
2022-04-04,portfolio,0.5,237,8039,720,8759,True
2022-04-04,portfolio,0.75,975,8039,720,8759,True
2022-04-04,portfolio,0.95,793,8039,720,8759,True
2022-04-11,portfolio,0.05,121,8039,720,8759,True
2022-04-11,portfolio,0.25,252,8039,720,8759,True
2022-04-11,portfolio,0.5,503,8039,720,8759,True
2022-04-11,portfolio,0.75,2485,8039,720,8759,True
2022-04-11,portfolio,0.95,2500,8039,720,8759,True
2022-04-18,portfolio,0.05,65,8039,720,8759,True
2022-04-18,portfolio,0.25,298,8039,720,8759,True
2022-04-18,portfolio,0.5,350,8039,720,8759,True
2022-04-18,portfolio,0.75,1082,8039,720,8759,True
2022-04-18,portfolio,0.95,796,8039,720,8759,True
2022-04-25,portfolio,0.05,91,8039,720,8759,True
2022-04-25,portfolio,0.25,476,8039,720,8759,True
2022-04-25,portfolio,0.5,1152,8039,720,8759,True
2022-04-25,portfolio,0.75,481,8039,720,8759,True
2022-04-25,portfolio,0.95,322,8039,720,8759,True
2022-05-02,portfolio,0.05,60,8039,720,8759,True
2022-05-02,portfolio,0.25,180,8039,720,8759,True
2022-05-02,portfolio,0.5,2032,8039,720,8759,True
2022-05-02,portfolio,0.75,1287,8039,720,8759,True
2022-05-02,portfolio,0.95,434,8039,720,8759,True
2022-05-09,portfolio,0.05,58,8039,720,8759,True
2022-05-09,portfolio,0.25,231,8039,720,8759,True
2022-05-09,portfolio,0.5,768,8039,720,8759,True
2022-05-09,portfolio,0.75,1529,8039,720,8759,True
2022-05-09,portfolio,0.95,261,8039,720,8759,True
2022-05-16,portfolio,0.05,251,8039,720,8759,True
2022-05-16,portfolio,0.25,466,8039,720,8759,True
2022-05-16,portfolio,0.5,594,8039,720,8759,True
2022-05-16,portfolio,0.75,279,8039,720,8759,True
2022-05-16,portfolio,0.95,217,8039,720,8759,True
2022-05-23,portfolio,0.05,138,8039,720,8759,True
2022-05-23,portfolio,0.25,382,8039,720,8759,True
2022-05-23,portfolio,0.5,1182,8039,720,8759,True
2022-05-23,portfolio,0.75,325,8039,720,8759,True
2022-05-23,portfolio,0.95,142,8039,720,8759,True
2022-05-30,portfolio,0.05,267,8039,720,8759,True
2022-05-30,portfolio,0.25,212,8039,720,8759,True
2022-05-30,portfolio,0.5,775,8039,720,8759,True
2022-05-30,portfolio,0.75,506,8039,720,8759,True
2022-05-30,portfolio,0.95,187,8039,720,8759,True
