bucket,level,model,quantile,n,mape,rmse,smape,pinball,coverage_rate
h<=24,portfolio,lightgbm,0.05,2448,0.08393761011777738,367.4567195994401,0.09164966131434427,25.572892570833645,
h<=24,portfolio,lightgbm,0.25,2448,0.052178094126633,204.30555146802934,0.05313054647153114,56.2829286513063,
h<=24,portfolio,lightgbm,0.5,2448,0.05035288343164275,182.4191539233496,0.049348171802862814,60.89092859904802,
h<=24,portfolio,lightgbm,0.75,2448,0.06199947058883934,209.8483372367919,0.059061921844427205,49.06657304929877,
h<=24,portfolio,lightgbm,0.95,2448,0.1038581328709537,305.001890871026,0.09599530618136275,20.45004731399258,
h<=24,portfolio,lightgbm_coverage,50%,2448,,,,,0.2973856209150327
h<=24,portfolio,lightgbm_coverage,90%,2448,,,,,0.6662581699346405
h<=24,portfolio,persistence,,2448,0.06932029826890064,260.92428548450584,0.06859202089857636,,
h<=24,portfolio,sarimax,,2448,0.13382683643540663,399.43477983996183,0.13495132037839816,,
h<=24,segment_0,lightgbm,0.05,2448,0.1008438975130943,40.82473737210661,0.10723131020474545,4.341925169943417,
h<=24,segment_0,lightgbm,0.25,2448,0.07968672472756079,26.798948946279264,0.07937599275853548,8.492548323554265,
h<=24,segment_0,lightgbm,0.5,2448,0.08718889574511807,26.375718706594164,0.08282923885625797,9.329538126369203,
h<=24,segment_0,lightgbm,0.75,2448,0.11389236467312504,32.97596203507697,0.10352851028525212,7.318293341243918,
h<=24,segment_0,lightgbm,0.95,2448,0.20463132546535368,52.62334096595712,0.17487292549536554,2.799026467433831,
h<=24,segment_0,lightgbm_coverage,50%,2448,,,,,0.3116830065359477
h<=24,segment_0,lightgbm_coverage,90%,2448,,,,,0.6781045751633987
h<=24,segment_0,persistence,,2448,0.12634990091494694,51.614057820931315,0.12317941059239991,,
h<=24,segment_1,lightgbm,0.05,2448,0.10886180457386785,170.428075784329,0.12270367970274172,10.695845242899335,
h<=24,segment_1,lightgbm,0.25,2448,0.07015316293008991,90.21512155206342,0.0717500180149725,23.09503892344034,
h<=24,segment_1,lightgbm,0.5,2448,0.06966627650832395,82.6746532413639,0.06806124087463666,25.702460193853025,
h<=24,segment_1,lightgbm,0.75,2448,0.08611810576782654,92.69383697824591,0.08017721229938857,20.643435425134044,
h<=24,segment_1,lightgbm,0.95,2448,0.16274965249554538,149.31889350631414,0.14283365936955442,8.872924986160529,
h<=24,segment_1,lightgbm_coverage,50%,2448,,,,,0.29697712418300654
h<=24,segment_1,lightgbm_coverage,90%,2448,,,,,0.6711601307189542
h<=24,segment_1,persistence,,2448,0.08497176281082695,112.04553550590168,0.08323432897438399,,
h<=24,segment_2,lightgbm,0.05,2448,0.08570593992932397,108.14348400278278,0.0919431302715072,7.085137487736464,
h<=24,segment_2,lightgbm,0.25,2448,0.050850471352848654,59.875060903236836,0.051604663738271744,16.232146241403807,
h<=24,segment_2,lightgbm,0.5,2448,0.047263195615307715,53.38443016046318,0.04636919121465188,18.316834422097852,
h<=24,segment_2,lightgbm,0.75,2448,0.053278032404796276,57.601414217594176,0.05114336292317469,14.9716403670097,
h<=24,segment_2,lightgbm,0.95,2448,0.08774900816345475,80.78765600521368,0.08166574542128413,6.893044784130026,
h<=24,segment_2,lightgbm_coverage,50%,2448,,,,,0.2908496732026144
h<=24,segment_2,lightgbm_coverage,90%,2448,,,,,0.6981209150326797
h<=24,segment_2,persistence,,2448,0.06874011610234518,82.28661785952676,0.06813474434848595,,
h<=24,segment_3,lightgbm,0.05,2448,0.07731006809981042,90.24207507535095,0.08339284653616776,7.043937723672996,
h<=24,segment_3,lightgbm,0.25,2448,0.04960752632417,49.89462907579232,0.05022709765362956,14.531436252423058,
h<=24,segment_3,lightgbm,0.5,2448,0.05159504198874477,48.086047266099335,0.05044024900876879,16.130483972437236,
h<=24,segment_3,lightgbm,0.75,2448,0.06471604302796567,54.884646536641746,0.06168322250057127,12.846696033173751,
h<=24,segment_3,lightgbm,0.95,2448,0.12011778210267526,92.58605330650343,0.10985859349797046,4.974246215136998,
h<=24,segment_3,lightgbm_coverage,50%,2448,,,,,0.30106209150326796
h<=24,segment_3,lightgbm_coverage,90%,2448,,,,,0.6703431372549019
h<=24,segment_3,persistence,,2448,0.06298903381889287,63.977391288100385,0.062373358509316204,,
h=25-72,portfolio,lightgbm,0.05,4896,0.07501992299677529,326.38748012149586,0.08028849819094207,30.02410873958883,
h=25-72,portfolio,lightgbm,0.25,4896,0.05346891530386439,202.6145949713118,0.053988579652895254,60.28661080347471,
h=25-72,portfolio,lightgbm,0.5,4896,0.05210681304526546,189.39260550914003,0.05121665453703959,63.8174370079904,
h=25-72,portfolio,lightgbm,0.75,4896,0.05868375249390562,206.0560361937265,0.05643412182279176,51.07486563507457,
h=25-72,portfolio,lightgbm,0.95,4896,0.0896989379892528,276.0479516492644,0.08373914424023908,21.63487345633714,
h=25-72,portfolio,lightgbm_coverage,50%,4896,,,,,0.247140522875817
h=25-72,portfolio,lightgbm_coverage,90%,4896,,,,,0.5906862745098039
h=25-72,portfolio,persistence,,4896,0.06286011861302204,239.98268541046727,0.06225824921528661,,
h=25-72,portfolio,sarimax,,4896,0.17442571906144327,509.00984414961306,0.19249937370119086,,
h=25-72,segment_0,lightgbm,0.05,4896,0.1055990417600681,41.58690738892212,0.11121213020849094,5.172025390651311,
h=25-72,segment_0,lightgbm,0.25,4896,0.0891078894330255,30.56081956288889,0.0876505601255386,9.811092524173798,
h=25-72,segment_0,lightgbm,0.5,4896,0.09801879109070101,31.46853684714771,0.09239651573203103,10.694425827053507,
h=25-72,segment_0,lightgbm,0.75,4896,0.11631352397350656,35.48836610567503,0.10579448357779583,8.216307300830927,
h=25-72,segment_0,lightgbm,0.95,4896,0.1930979765953502,50.45652763321527,0.16581645339665504,3.270695314733864,
h=25-72,segment_0,lightgbm_coverage,50%,4896,,,,,0.2790032679738562
h=25-72,segment_0,lightgbm_coverage,90%,4896,,,,,0.622140522875817
h=25-72,segment_0,persistence,,4896,0.12229113957142043,51.06989767733121,0.11884766564457545,,
h=25-72,segment_1,lightgbm,0.05,4896,0.10256289436434361,160.2208254382809,0.11363792163140177,10.728118637529317,
h=25-72,segment_1,lightgbm,0.25,4896,0.06833055903746409,86.96371735467906,0.06956833609860645,22.38743507603098,
h=25-72,segment_1,lightgbm,0.5,4896,0.06727597398280735,78.51474845109526,0.0660867719413096,24.894527159784875,
h=25-72,segment_1,lightgbm,0.75,4896,0.07667991591790661,83.34832782021255,0.07281696366169174,20.685723932416717,
h=25-72,segment_1,lightgbm,0.95,4896,0.12755809758725484,117.03137887370791,0.11516458991688439,9.432073887299543,
h=25-72,segment_1,lightgbm_coverage,50%,4896,,,,,0.2647058823529412
h=25-72,segment_1,lightgbm_coverage,90%,4896,,,,,0.6288807189542484
h=25-72,segment_1,persistence,,4896,0.0766199417813181,99.9116931787291,0.07523067272391168,,
h=25-72,segment_2,lightgbm,0.05,4896,0.06526281825107595,81.0122940760015,0.06844092281313746,7.666786231348676,
h=25-72,segment_2,lightgbm,0.25,4896,0.045222996012110425,52.375398854845486,0.045414390139693034,16.79490778678769,
h=25-72,segment_2,lightgbm,0.5,4896,0.045662638970386187,53.11592228183428,0.04482877424749285,18.559974209010655,
h=25-72,segment_2,lightgbm,0.75,4896,0.051109488010229256,59.80378112936317,0.04926438364909025,14.418745988923265,
h=25-72,segment_2,lightgbm,0.95,4896,0.07427230279162075,77.05477574536367,0.07011447973856097,6.121393394775411,
h=25-72,segment_2,lightgbm_coverage,50%,4896,,,,,0.25919117647058826
h=25-72,segment_2,lightgbm_coverage,90%,4896,,,,,0.6521650326797386
h=25-72,segment_2,persistence,,4896,0.056988304784202845,69.20935193031315,0.05655038502228026,,
h=25-72,segment_3,lightgbm,0.05,4896,0.07107369424152099,86.38909656514655,0.07591603834565915,7.352102885364921,
h=25-72,segment_3,lightgbm,0.25,4896,0.04937878785968136,50.452594506546184,0.049839839375906816,14.692612872289757,
h=25-72,segment_3,lightgbm,0.5,4896,0.05037289972333025,47.971169796897875,0.049470430743699466,16.08248168693598,
h=25-72,segment_3,lightgbm,0.75,4896,0.05842303721785808,51.86978606241328,0.056210013939806715,12.865140573024792,
h=25-72,segment_3,lightgbm,0.95,4896,0.09363778154565328,72.03843000167265,0.0873572384197244,5.550530635298617,
h=25-72,segment_3,lightgbm_coverage,50%,4896,,,,,0.25592320261437906
h=25-72,segment_3,lightgbm_coverage,90%,4896,,,,,0.6247957516339869
h=25-72,segment_3,persistence,,4896,0.05703285014408345,60.93818445874537,0.056475741166853624,,
h=73-168,portfolio,lightgbm,0.05,9768,0.07891682998220483,332.96391246535387,0.0839436131930113,35.1092110533474,
h=73-168,portfolio,lightgbm,0.25,9768,0.061582923807851825,231.8378941028114,0.06190164473580732,70.50560087168294,
h=73-168,portfolio,lightgbm,0.5,9768,0.06287690328592417,227.88493444639803,0.06145449152912161,76.39856390315094,
h=73-168,portfolio,lightgbm,0.75,9768,0.07323558589243129,253.80737345780037,0.06970898017556104,62.54232034214213,
h=73-168,portfolio,lightgbm,0.95,9768,0.11776663701693686,349.36016366521454,0.10724085608165411,26.483504508597704,
h=73-168,portfolio,lightgbm_coverage,50%,9768,,,,,0.2417076167076167
h=73-168,portfolio,lightgbm_coverage,90%,9768,,,,,0.5938779688779688
h=73-168,portfolio,persistence,,9768,0.07107384201440503,266.4773796003762,0.07038470122830942,,
h=73-168,portfolio,sarimax,,9768,0.23107729110240952,628.248527443513,0.2190481400630005,,
h=73-168,segment_0,lightgbm,0.05,9768,0.11613677010512101,46.16478056308957,0.12334096634489597,6.171669979728693,
h=73-168,segment_0,lightgbm,0.25,9768,0.10082967439733909,37.156102975584986,0.09926951547832236,11.950382800091704,
h=73-168,segment_0,lightgbm,0.5,9768,0.11089788274562677,38.99918483324409,0.1045721752083206,12.979637595136738,
h=73-168,segment_0,lightgbm,0.75,9768,0.12990010889124057,42.98652208000277,0.11799582128066757,10.27831635302005,
h=73-168,segment_0,lightgbm,0.95,9768,0.1996989921073062,56.31312525672346,0.17159640802299322,4.358694105712257,
h=73-168,segment_0,lightgbm_coverage,50%,9768,,,,,0.25307125307125306
h=73-168,segment_0,lightgbm_coverage,90%,9768,,,,,0.6023751023751024
h=73-168,segment_0,persistence,,9768,0.13173365792397254,51.70883636989757,0.12883413123486998,,
h=73-168,segment_1,lightgbm,0.05,9768,0.10721657171839855,157.52191347565937,0.11788894780489395,11.239665169753701,
h=73-168,segment_1,lightgbm,0.25,9768,0.07522455088593695,96.25392519672033,0.07612828316820867,25.487920481701828,
h=73-168,segment_1,lightgbm,0.5,9768,0.07572489726031895,91.67811144491056,0.07363907366802504,28.93740871361394,
h=73-168,segment_1,lightgbm,0.75,9768,0.08785320740378844,100.15702821562863,0.08230119922352379,23.91404864245111,
h=73-168,segment_1,lightgbm,0.95,9768,0.15502815460109398,143.81206205503662,0.1366211355980017,10.85510522839371,
h=73-168,segment_1,lightgbm_coverage,50%,9768,,,,,0.26842751842751844
h=73-168,segment_1,lightgbm_coverage,90%,9768,,,,,0.6522317772317773
h=73-168,segment_1,persistence,,9768,0.08418065477870393,107.66996342014396,0.08295344531775677,,
h=73-168,segment_2,lightgbm,0.05,9768,0.06467966362136719,77.4371617251934,0.06739059936814924,10.153485044624102,
h=73-168,segment_2,lightgbm,0.25,9768,0.053053426930145926,59.17987429850608,0.05303031747491765,19.612457679896774,
h=73-168,segment_2,lightgbm,0.5,9768,0.05655189277269358,61.83804059172385,0.05506228363952806,21.438442850838403,
h=73-168,segment_2,lightgbm,0.75,9768,0.06639317483200904,70.75755453046119,0.06324207992871124,16.78211387831707,
h=73-168,segment_2,lightgbm,0.95,9768,0.10810984497610418,100.31503144954134,0.09919172793918145,6.568291339086446,
h=73-168,segment_2,lightgbm_coverage,50%,9768,,,,,0.2459049959049959
h=73-168,segment_2,lightgbm_coverage,90%,9768,,,,,0.6113841113841114
h=73-168,segment_2,persistence,,9768,0.062323580999483354,75.17179033076877,0.061710158411286145,,
h=73-168,segment_3,lightgbm,0.05,9768,0.07607700475340351,88.96001432605655,0.08102644049677712,8.223853194514744,
h=73-168,segment_3,lightgbm,0.25,9768,0.056223038652692514,58.218523140941336,0.05655252772576635,17.51469573889296,
h=73-168,segment_3,lightgbm,0.5,9768,0.05861392186495725,58.05729886142068,0.057352866353071734,19.40987422171759,
h=73-168,segment_3,lightgbm,0.75,9768,0.0676029583487725,63.382332181504445,0.06462936459434544,15.366168040713577,
h=73-168,segment_3,lightgbm,0.95,9768,0.11089728447232247,89.32418398448368,0.10188482437485417,6.584230867414181,
h=73-168,segment_3,lightgbm_coverage,50%,9768,,,,,0.25071662571662573
h=73-168,segment_3,lightgbm_coverage,90%,9768,,,,,0.6410728910728911
h=73-168,segment_3,persistence,,9768,0.06299908577291316,65.7140954282471,0.06258967667289302,,
h=1,portfolio,lightgbm,0.05,102,0.045220688217533736,106.77883847277072,0.04631524369106151,18.021004745986392,
h=1,portfolio,lightgbm,0.25,102,0.03034950731096995,74.08669096906647,0.03038353144455755,26.85357603463724,
h=1,portfolio,lightgbm,0.5,102,0.03713293164545736,93.79088610520412,0.03634496987191273,35.07363637964014,
h=1,portfolio,lightgbm,0.75,102,0.052982975711031895,135.85313895564593,0.05095676635992426,28.955140578090806,
h=1,portfolio,lightgbm,0.95,102,0.09264187075614455,212.93073677368076,0.08719579058518571,9.065070973817273,
h=1,portfolio,lightgbm_coverage,50%,102,,,,,0.4117647058823529
h=1,portfolio,lightgbm_coverage,90%,102,,,,,0.7450980392156863
h=1,portfolio,persistence,,102,0.05234981628414621,143.2508780793981,0.05219970123888178,,
h=1,portfolio,sarimax,,102,0.16834981117073838,319.6120513923636,0.1541383329203016,,
h=1,segment_0,lightgbm,0.05,102,0.1097496984035915,57.591821988761886,0.11932290931103502,2.922216892177582,
h=1,segment_0,lightgbm,0.25,102,0.0620159210308278,31.951456524397912,0.06392788963758958,7.901472867728301,
h=1,segment_0,lightgbm,0.5,102,0.05378772846986934,24.95985241935004,0.05353928812322425,9.07345965621599,
h=1,segment_0,lightgbm,0.75,102,0.06415259455380957,28.566554872637948,0.06202135694684108,8.183438449923631,
h=1,segment_0,lightgbm,0.95,102,0.1024517962172844,40.34819012378987,0.0944606379799323,2.9061352279539925,
h=1,segment_0,lightgbm_coverage,50%,102,,,,,0.3627450980392157
h=1,segment_0,lightgbm_coverage,90%,102,,,,,0.8137254901960784
h=1,segment_0,persistence,,102,0.1268686162391725,63.942504134573866,0.12474244612942756,,
h=1,segment_1,lightgbm,0.05,102,0.0438102371784807,28.088042816834914,0.044847126260645895,4.571511364997162,
h=1,segment_1,lightgbm,0.25,102,0.03199563821434061,19.31251670013511,0.032041807920906724,7.448452119104962,
h=1,segment_1,lightgbm,0.5,102,0.04723183642969863,28.49136363759567,0.0463620777590277,10.83160427522211,
h=1,segment_1,lightgbm,0.75,102,0.06630911617356366,49.853294746825135,0.06206145977296322,8.82841142732445,
h=1,segment_1,lightgbm,0.95,102,0.1343478556366179,90.5289188864766,0.1207869530397476,3.2156464456030736,
h=1,segment_1,lightgbm_coverage,50%,102,,,,,0.30392156862745096
h=1,segment_1,lightgbm_coverage,90%,102,,,,,0.7352941176470589
h=1,segment_1,persistence,,102,0.047734474200761656,31.456125260316277,0.04766341978759545,,
h=1,segment_2,lightgbm,0.05,102,0.03771785966895189,25.52919374372055,0.03857061527590259,4.064931467848974,
h=1,segment_2,lightgbm,0.25,102,0.03141659834284872,20.279091784173026,0.031118792253065637,8.865610510719273,
h=1,segment_2,lightgbm,0.5,102,0.03902035365066736,24.782986735355436,0.03800451802979568,9.842984723140251,
h=1,segment_2,lightgbm,0.75,102,0.056891716526472465,35.1131480404013,0.054631295653978104,7.454692390406779,
h=1,segment_2,lightgbm,0.95,102,0.11686599684728341,68.64428036412187,0.10859722136675368,3.1926014476951448,
h=1,segment_2,lightgbm_coverage,50%,102,,,,,0.38235294117647056
h=1,segment_2,lightgbm_coverage,90%,102,,,,,0.696078431372549
h=1,segment_2,persistence,,102,0.04408790767160099,30.27492546529079,0.04393738041152725,,
h=1,segment_3,lightgbm,0.05,102,0.04672966895565195,35.548823553598076,0.0480173097323341,5.6116736819167174,
h=1,segment_3,lightgbm,0.25,102,0.038677778888530745,28.40290378828165,0.038290076830509966,12.28197140599483,
h=1,segment_3,lightgbm,0.5,102,0.041754219386945526,32.68859192488598,0.04056131323960438,12.003813350419405,
h=1,segment_3,lightgbm,0.75,102,0.053184157226421704,41.38792495196314,0.0509852016030955,8.904956585190183,
h=1,segment_3,lightgbm,0.95,102,0.10389383336230917,75.35313885827225,0.09659154802367133,3.338747373046403,
h=1,segment_3,lightgbm_coverage,50%,102,,,,,0.27450980392156865
h=1,segment_3,lightgbm_coverage,90%,102,,,,,0.6666666666666666
h=1,segment_3,persistence,,102,0.04717521004750795,38.491270774987086,0.04700870847702503,,
h=24,portfolio,lightgbm,0.05,102,0.029811380857546983,103.42527679571434,0.029902195119595503,30.94879345657441,
h=24,portfolio,lightgbm,0.25,102,0.032888184698314164,100.93016548844365,0.032156624566190624,50.48069205504671,
h=24,portfolio,lightgbm,0.5,102,0.04016169498588347,116.88639686242021,0.038919136282481316,46.096579609956756,
h=24,portfolio,lightgbm,0.75,102,0.0608996853114508,167.51500608721295,0.05813790070657263,35.1474670563858,
h=24,portfolio,lightgbm,0.95,102,0.13504894094347836,343.73703727500646,0.12445089102335195,15.621730566177792,
h=24,portfolio,lightgbm_coverage,50%,102,,,,,0.17647058823529413
h=24,portfolio,lightgbm_coverage,90%,102,,,,,0.5392156862745098
h=24,portfolio,persistence,,102,0.04969761437568322,179.01505807180658,0.04950824558544493,,
h=24,portfolio,sarimax,,102,0.12093015376931156,370.9969733791723,0.1264288224397876,,
h=24,segment_0,lightgbm,0.05,102,0.08055174614032935,50.94568460442462,0.08343032505879482,7.22030897428586,
h=24,segment_0,lightgbm,0.25,102,0.08817717112308217,35.65037989689171,0.08374636707439417,16.483980864171585,
h=24,segment_0,lightgbm,0.5,102,0.1043582522570129,39.11694863550308,0.09730620602554742,15.398281056222412,
h=24,segment_0,lightgbm,0.75,102,0.13972986528353673,50.432000595995014,0.12574313361868247,10.863923308036515,
h=24,segment_0,lightgbm,0.95,102,0.21166662724147456,68.07499468920673,0.18246293284693005,3.5533830956189303,
h=24,segment_0,lightgbm_coverage,50%,102,,,,,0.14705882352941177
h=24,segment_0,lightgbm_coverage,90%,102,,,,,0.5882352941176471
h=24,segment_0,persistence,,102,0.10566424967836902,55.941860545780315,0.10308585323086959,,
h=24,segment_1,lightgbm,0.05,102,0.039852855738520106,37.88240506596811,0.04068629730600695,8.57450618436308,
h=24,segment_1,lightgbm,0.25,102,0.04150369272790098,33.848378669051726,0.0408184050913088,15.492156697009058,
h=24,segment_1,lightgbm,0.5,102,0.048001083942186384,37.067156270273465,0.04683278352972728,14.785138973379489,
h=24,segment_1,lightgbm,0.75,102,0.07807886653216382,60.11735665120479,0.07342833225466588,12.695069691635684,
h=24,segment_1,lightgbm,0.95,102,0.20479322434591146,139.9157155145891,0.1818827738507991,6.5210870230333216,
h=24,segment_1,lightgbm_coverage,50%,102,,,,,0.2549019607843137
h=24,segment_1,lightgbm_coverage,90%,102,,,,,0.5490196078431373
h=24,segment_1,persistence,,102,0.050846274110950475,49.81595069435342,0.05078353513158596,,
h=24,segment_2,lightgbm,0.05,102,0.03404626865514992,31.07653504368248,0.03459966088903046,5.4494582046601066,
h=24,segment_2,lightgbm,0.25,102,0.030557669085549286,25.68257865771004,0.030363458292667615,10.692227538393634,
h=24,segment_2,lightgbm,0.5,102,0.038467592110893775,32.90105389844748,0.03732752927890808,12.404963705953477,
h=24,segment_2,lightgbm,0.75,102,0.05999940851349031,49.540762517908895,0.05744743403132918,10.494582107652288,
h=24,segment_2,lightgbm,0.95,102,0.12972510259288755,91.6814905285966,0.12052017051173589,4.243511910850474,
h=24,segment_2,lightgbm_coverage,50%,102,,,,,0.38235294117647056
h=24,segment_2,lightgbm_coverage,90%,102,,,,,0.7352941176470589
h=24,segment_2,persistence,,102,0.045431586900501995,40.37277955024583,0.04524642955729137,,
h=24,segment_3,lightgbm,0.05,102,0.03203567186079202,38.5367400206965,0.03254635831079386,7.959873657333477,
h=24,segment_3,lightgbm,0.25,102,0.03369694075773913,32.41726877253506,0.033015778511073825,16.491013788128406,
h=24,segment_3,lightgbm,0.5,102,0.042582237231228816,40.25608440892691,0.041237049637971625,15.998141722580153,
h=24,segment_3,lightgbm,0.75,102,0.054618887361491696,50.937816827855976,0.05238197170611928,10.54889358036112,
h=24,segment_3,lightgbm,0.95,102,0.1262747598866461,105.11657039641382,0.116876967956106,4.723527583719438,
h=24,segment_3,lightgbm_coverage,50%,102,,,,,0.2647058823529412
h=24,segment_3,lightgbm_coverage,90%,102,,,,,0.5980392156862745
h=24,segment_3,persistence,,102,0.04794660513246815,52.3974637102359,0.0476175094120929,,
h=72,portfolio,lightgbm,0.05,102,0.038791991605016396,121.11219505573234,0.03822757937179551,61.11615549112209,
h=72,portfolio,lightgbm,0.25,102,0.04572549819837248,137.03442225694047,0.044414594974865454,73.95776143294135,
h=72,portfolio,lightgbm,0.5,102,0.05375886468090761,155.70122504399367,0.051795179517540584,63.18471855463142,
h=72,portfolio,lightgbm,0.75,102,0.07315114513966235,200.90934220091822,0.06969064038374914,45.2121003779232,
h=72,portfolio,lightgbm,0.95,102,0.1331991305896718,343.50124704895387,0.1229613910682764,15.401692272348978,
h=72,portfolio,lightgbm_coverage,50%,102,,,,,0.11764705882352941
h=72,portfolio,lightgbm_coverage,90%,102,,,,,0.4019607843137255
h=72,portfolio,persistence,,102,0.043685139699981494,154.13703484054966,0.04346784715148001,,
h=72,portfolio,sarimax,,102,0.13687202704719045,410.26847998878384,0.15076509223006077,,
h=72,segment_0,lightgbm,0.05,102,0.09089355636239582,48.248170312701205,0.09058328530490965,12.078169120124253,
h=72,segment_0,lightgbm,0.25,102,0.1074324531964651,45.50344015007138,0.09899994756847982,20.8298721346997,
h=72,segment_0,lightgbm,0.5,102,0.13277530860427625,52.32586020972778,0.11939559036545913,18.966899821426697,
h=72,segment_0,lightgbm,0.75,102,0.15870849611405902,58.41704569503248,0.1405131362916883,11.89103817059525,
h=72,segment_0,lightgbm,0.95,102,0.22283021392148686,74.34133793505765,0.19073960195236905,3.7759484059903192,
h=72,segment_0,lightgbm_coverage,50%,102,,,,,0.1568627450980392
h=72,segment_0,lightgbm_coverage,90%,102,,,,,0.47058823529411764
h=72,segment_0,persistence,,102,0.10173642986666387,55.426571031888095,0.09943720630197722,,
h=72,segment_1,lightgbm,0.05,102,0.0378451296043656,37.21155885066737,0.038455283448706426,9.156148290045724,
h=72,segment_1,lightgbm,0.25,102,0.046492349558272875,38.11071946544896,0.045671952881340065,17.669320138131784,
h=72,segment_1,lightgbm,0.5,102,0.054873022676180716,43.777466737569775,0.05290461866523628,16.965865111459763,
h=72,segment_1,lightgbm,0.75,102,0.08749257320390318,66.26234138541558,0.08196629562649368,14.235586765834261,
h=72,segment_1,lightgbm,0.95,102,0.18750689483038108,134.5526968010957,0.16632627599383812,5.97133220449327,
h=72,segment_1,lightgbm_coverage,50%,102,,,,,0.24509803921568626
h=72,segment_1,lightgbm_coverage,90%,102,,,,,0.5392156862745098
h=72,segment_1,persistence,,102,0.04561128753045623,39.301538074228155,0.04559054251817189,,
h=72,segment_2,lightgbm,0.05,102,0.032660257460973514,28.492170028358395,0.03288412887185941,7.834254093946318,
h=72,segment_2,lightgbm,0.25,102,0.03104621078345024,26.56767824234294,0.030545439452161035,11.718496583338782,
h=72,segment_2,lightgbm,0.5,102,0.04450002408868158,37.39044067710635,0.04297813505818244,14.232404855196734,
h=72,segment_2,lightgbm,0.75,102,0.05744779011489117,52.52924686794166,0.05478636533888487,10.474209750009862,
h=72,segment_2,lightgbm,0.95,102,0.11141853061554893,82.82439865338348,0.10416580112174971,3.73839230543006,
h=72,segment_2,lightgbm_coverage,50%,102,,,,,0.2647058823529412
h=72,segment_2,lightgbm_coverage,90%,102,,,,,0.5686274509803921
h=72,segment_2,persistence,,102,0.04339557753131759,38.939964754017474,0.04300532157107275,,
h=72,segment_3,lightgbm,0.05,102,0.0374143664519609,42.34511795205898,0.03764203373084947,13.788144952411434,
h=72,segment_3,lightgbm,0.25,102,0.041184877908418266,42.37037202094118,0.04027170311658376,20.896127775157947,
h=72,segment_3,lightgbm,0.5,102,0.05199310978449803,50.20255772835832,0.05021853478576169,20.176518257772457,
h=72,segment_3,lightgbm,0.75,102,0.06396664055672463,59.39771544860998,0.06117579937559056,13.07272067916267,
h=72,segment_3,lightgbm,0.95,102,0.12586310027981554,107.19397779412516,0.1164037258946085,5.01090103861732,
h=72,segment_3,lightgbm_coverage,50%,102,,,,,0.18627450980392157
h=72,segment_3,lightgbm_coverage,90%,102,,,,,0.46078431372549017
h=72,segment_3,persistence,,102,0.03983946670559806,43.72340181345776,0.039575256359104,,
h=168,portfolio,lightgbm,0.05,101,0.05468004661781888,163.9086413525243,0.05466324961151495,67.8450942115584,
h=168,portfolio,lightgbm,0.25,101,0.060720639814327945,179.80880350504606,0.05865218523620604,94.56467951948899,
h=168,portfolio,lightgbm,0.5,101,0.07395902626369948,210.7522642048697,0.07036150330229429,85.62312461344489,
h=168,portfolio,lightgbm,0.75,101,0.09441316684098225,255.38865978882595,0.08879345288799731,56.942416570425046,
h=168,portfolio,lightgbm,0.95,101,0.18892128848517176,474.66927180022566,0.16980119256014875,21.89161559367235,
h=168,portfolio,lightgbm_coverage,50%,101,,,,,0.1485148514851485
h=168,portfolio,lightgbm_coverage,90%,101,,,,,0.48514851485148514
h=168,portfolio,persistence,,101,0.05247803195946325,178.3801159134331,0.05235248212668915,,
h=168,portfolio,sarimax,,101,0.16787544406275523,521.902472641122,0.18144888982996948,,
h=168,segment_0,lightgbm,0.05,101,0.11013963301980847,57.79043976375481,0.1092083906669558,15.860170586524543,
h=168,segment_0,lightgbm,0.25,101,0.14199596565824113,61.66215398294163,0.12712621622535736,29.18386337076434,
h=168,segment_0,lightgbm,0.5,101,0.16961562734037788,69.60397589478946,0.14805616062809118,25.30848833897202,
h=168,segment_0,lightgbm,0.75,101,0.2106140422706213,79.87592072614505,0.1796665310428078,16.83738669202271,
h=168,segment_0,lightgbm,0.95,101,0.26580141203256163,92.85915531558199,0.22052467942833112,5.329388243162801,
h=168,segment_0,lightgbm_coverage,50%,101,,,,,0.16831683168316833
h=168,segment_0,lightgbm_coverage,90%,101,,,,,0.4158415841584158
h=168,segment_0,persistence,,101,0.11637969635748062,57.545728641758366,0.11463165025872367,,
h=168,segment_1,lightgbm,0.05,101,0.054436170954170526,50.111225193231384,0.05573405428134075,11.918515561891487,
h=168,segment_1,lightgbm,0.25,101,0.059525115539930264,48.01349476948252,0.057944341779563785,23.087779706321907,
h=168,segment_1,lightgbm,0.5,101,0.08094532909632988,60.61522229241911,0.07673073870345726,25.13257660647789,
h=168,segment_1,lightgbm,0.75,101,0.12861626321830866,92.26506545203283,0.11827799884258099,20.273735382484382,
h=168,segment_1,lightgbm,0.95,101,0.26199695545606133,179.79737099975716,0.22642011857241404,8.189457932202611,
h=168,segment_1,lightgbm_coverage,50%,101,,,,,0.297029702970297
h=168,segment_1,lightgbm_coverage,90%,101,,,,,0.5346534653465347
h=168,segment_1,persistence,,101,0.05674269936138123,51.466451110278456,0.05632786403718702,,
h=168,segment_2,lightgbm,0.05,101,0.0433450946099887,35.56476261143602,0.04381319678517199,10.297652908308299,
h=168,segment_2,lightgbm,0.25,101,0.042441262422527305,32.27891180168847,0.04154264638863194,16.327561887965715,
h=168,segment_2,lightgbm,0.5,101,0.05774064754316164,43.5101821803658,0.055577552581031864,17.939701263359332,
h=168,segment_2,lightgbm,0.75,101,0.07550225278718399,58.70453156630063,0.0716196789271428,12.778423104891509,
h=168,segment_2,lightgbm,0.95,101,0.13813856917011988,96.95537440370728,0.12668361328331318,4.435537812055323,
h=168,segment_2,lightgbm_coverage,50%,101,,,,,0.2871287128712871
h=168,segment_2,lightgbm_coverage,90%,101,,,,,0.5445544554455446
h=168,segment_2,persistence,,101,0.04159232020198348,37.83835262467199,0.0414041774338664,,
h=168,segment_3,lightgbm,0.05,101,0.05006678583246935,51.84546865152329,0.050838263160479666,16.58528046309706,
h=168,segment_3,lightgbm,0.25,101,0.06009733338195187,57.285170845667565,0.058396544211891666,30.18839679577524,
h=168,segment_3,lightgbm,0.5,101,0.0783512572794073,70.15920156473875,0.07507419226263176,30.114315426563653,
h=168,segment_3,lightgbm,0.75,101,0.08747527596297158,78.13653980582863,0.08256303823130327,17.353966517783423,
h=168,segment_3,lightgbm,0.95,101,0.1660954929868348,136.69010857373345,0.15121126532190998,6.335967278089128,
h=168,segment_3,lightgbm_coverage,50%,101,,,,,0.19801980198019803
h=168,segment_3,lightgbm_coverage,90%,101,,,,,0.5148514851485149
h=168,segment_3,persistence,,101,0.05224056570391583,51.96936441965473,0.0521974204808512,,
