level,bucket,n,raw_cov50,cal_cov50,raw_cov90,cal_cov90
portfolio,h<=24,1224,0.29411764705882354,0.46977124183006536,0.6805555555555556,0.9035947712418301
portfolio,h=25-72,2448,0.2426470588235294,0.48447712418300654,0.5943627450980392,0.8933823529411765
portfolio,h=73-168,4872,0.23419540229885058,0.4930213464696223,0.5853858784893268,0.8918308702791461
segment_0,h<=24,1224,0.2973856209150327,0.4534313725490196,0.6544117647058824,0.8709150326797386
segment_0,h=25-72,2448,0.2675653594771242,0.46282679738562094,0.6111111111111112,0.8901143790849673
segment_0,h=73-168,4872,0.24302134646962234,0.48419540229885055,0.5845648604269293,0.8873152709359606
segment_1,h<=24,1224,0.29330065359477125,0.47630718954248363,0.6748366013071896,0.9076797385620915
segment_1,h=25-72,2448,0.2610294117647059,0.5110294117647058,0.627859477124183,0.9056372549019608
segment_1,h=73-168,4872,0.2670361247947455,0.4815270935960591,0.6510673234811166,0.8996305418719212
segment_2,h<=24,1224,0.27941176470588236,0.47549019607843135,0.6797385620915033,0.8848039215686274
segment_2,h=25-72,2448,0.24836601307189543,0.46895424836601307,0.630718954248366,0.8521241830065359
segment_2,h=73-168,4872,0.2424055829228243,0.4942528735632184,0.5954433497536946,0.8772577996715928
segment_3,h<=24,1224,0.29820261437908496,0.4795751633986928,0.6560457516339869,0.8676470588235294
segment_3,h=25-72,2448,0.24877450980392157,0.4820261437908497,0.6168300653594772,0.8897058823529411
segment_3,h=73-168,4872,0.24753694581280788,0.4981527093596059,0.6416256157635468,0.8967569786535303
ALL,h<=24,6120,0.29248366013071897,0.47091503267973855,0.6691176470588235,0.8869281045751634
ALL,h=25-72,12240,0.2536764705882353,0.4818627450980392,0.6161764705882353,0.8861928104575163
ALL,h=73-168,24360,0.24683908045977013,0.4902298850574713,0.6116174055829229,0.8905582922824302
